<?xml version="1.0" encoding="UTF-8" ?>
<!DOCTYPE configuration
PUBLIC "-//mybatis.org//DTD Config 3.0//EN"
"http://mybatis.org/dtd/mybatis-3-config.dtd">
<configuration>

	<properties resource="com/mybatis/jdbc.properties" />

	<typeAliases>
		<typeAlias type="com.dto.CartDTO" alias="CartDTO" />
		<typeAlias type="com.dto.MemberDTO" alias="MemberDTO" />
		<typeAlias type="com.dto.OrderDTO" alias="OrderDTO" />
	</typeAliases>

	<environments default="development">
		<environment id="development">
			<transactionManager type="JDBC" />
			<dataSource type="POOLED">
				<property name="driver" value="${jdbc.driver}" />
				<property name="url" value="${jdbc.url}" />
				<property name="username" value="${jdbc.userid}" />
				<property name="password" value="${jdbc.passwd}" />
			</dataSource>
		</environment>
	</environments>
	<mappers>

		<mapper resource="com/mybatis/CartMapper.xml" />
		<mapper resource="com/mybatis/MemberMapper.xml" />
		<mapper resource="com/mybatis/OrderMapper.xml" />
	</mappers>
</configuration>



